,Top queries,Clicks,Impressions,CTR,Position
0,collocutor,28248,1344720,0.021006603605211494,1
1,distancer,28068,163086,0.17210551488171885,3
2,constricting,27612,145767,0.18942559015415011,2
3,gum-cistus,27552,373587,0.07374988958395233,4
4,decamp,27495,119022,0.23100771285980742,1
5,interposure,26748,359007,0.07450551103460379,12
6,swizz,26718,1191576,0.02242240528510141,3
7,faceting,26574,193110,0.1376106882087929,11
8,supplier,26577,378021,0.07030561794186037,2
9,accusement,26382,350004,0.0753762814139267,20
10,landforms,25929,1062003,0.024415185267838226,1
11,shearing,25875,130956,0.19758544854760376,19
12,cryptofascist,25881,587670,0.04404002246158558,7
13,extrane,25833,588210,0.04391798847350436,5
14,tremulousness,25767,423903,0.060785132447753375,12
15,wellness,25350,94788,0.26743891631852135,8
16,hand-list,25293,1142322,0.022141742871099393,2
17,advancement,25059,123003,0.20372673837223482,1
18,double-play,25035,1666185,0.015025342323931616,1
19,unmaterialized,25035,100422,0.24929796259783712,4
20,chiroptera,24936,1234449,0.020200105472158024,2
21,arcadelike,24915,401118,0.0621138916727746,13
22,buildress,24918,282375,0.08824435590969455,10
23,taivers,24891,389307,0.06393668749855512,5
24,umeshu,24759,77136,0.32097853142501553,4
25,nonblack,24321,392208,0.062010463835515846,18
26,Judaization,24243,1244370,0.019482147592757782,7
27,unenlightened,24213,170550,0.14197009674582234,9
28,yapped,24192,91350,0.26482758620689656,15
29,hieroglyphist,24081,1254927,0.01918916399121224,18
30,stilt,24024,3738015,0.006426940501843893,5
31,include,23964,302361,0.07925625328663419,17
32,endotheliomata,23649,240744,0.09823297776891636,6
33,sorceresses,23631,472071,0.0500581480328171,5
34,acranial,23604,205482,0.11487137559494262,9
35,forgotten,23361,1430121,0.01633498144562593,12
36,loups-garous,23337,1413831,0.016506216089476042,6
37,deconvolute,23295,5349345,0.00435473875773576,18
38,three-up,23265,16638027,0.0013983028155922575,20
39,hatchetman,23238,469293,0.04951703946148781,3
40,wealthier,23235,157251,0.14775740694812753,9
41,cysts,23190,1104018,0.021005092308277584,1
42,Nicaragua,23151,306372,0.07556499941247895,5
43,chargeable,23094,2346678,0.009841145653557924,15
44,swobber,22638,1077720,0.021005455962587686,1
45,divine,22557,440448,0.0512137641673932,3
46,Kefauver,22539,1141236,0.01974963986414729,4
47,dark-gray,22407,929352,0.02411034785527981,5
48,unbleached,22332,588024,0.03797804171258316,19
49,juicy,22317,1518549,0.014696265974953722,1
50,Yambol,22281,438456,0.050816957687886584,1
51,orientalise,22275,461412,0.04827572754934852,1
52,Reinhardt's,21921,926922,0.023649239094551647,9
53,smegger,21675,595878,0.036374895532306946,3
54,Maury,21615,2451018,0.0088187846845678,19
55,langoustines,21537,489336,0.04401270292804944,14
56,subverticillate,21459,973341,0.022046744152357703,9
57,bulblet,21270,1658688,0.01282338812362542,10
58,copyeditors,21246,5172021,0.0041078719517960195,12
59,kitting,21141,277347,0.07622581098767969,6
60,staid,21060,208200,0.10115273775216138,16
61,bacterially,20940,853293,0.024540222408949798,11
62,vulcanism,20721,634080,0.03267884178652536,18
63,flesh,20625,1437012,0.014352698516087548,12
64,remunerates,20643,1714671,0.012039044224810475,14
65,unaided,20580,2476506,0.008310094948286013,19
66,forebodings,20031,197292,0.10152971230460434,14
67,hit-and-run,19644,358692,0.05476564852296678,8
68,subbasements,19602,756009,0.02592826275877668,18
69,privateerism,19581,944358,0.020734721366261522,7
70,autoregulate,19572,497118,0.039370934063944575,15
71,decimalises,19557,191478,0.10213706013223452,9
72,unsown,19461,1104342,0.017622258322150204,11
73,purblind,19368,344025,0.05629823413996076,11
74,palimpsest,19254,363444,0.05297652458150361,5
75,porcellaneous,19128,138735,0.1378743647961942,5
76,dim-bulb,18957,139104,0.13627933057280883,14
77,dexter,18777,787119,0.023855350969802534,4
78,jetstreams,18354,633852,0.028956286325514474,1
79,thickspread,18240,485835,0.03754361048504122,11
80,decomposes,18069,1775340,0.010177768765419582,9
81,Burgenland,18030,1161021,0.01552943486810316,12
82,twelvemos,17961,458754,0.039151702219490186,16
83,run-ons,17931,120195,0.14918257831024584,11
84,weare,17874,113685,0.1572239081673044,11
85,oxisol,17817,940692,0.018940312025615184,4
86,foresightedness,17652,608733,0.028997935055270537,12
87,refortified,17451,374733,0.04656915723995485,15
88,clairvoyance,17241,100008,0.17239620830333574,8
89,bulimic,17094,411024,0.04158881233212659,4
90,chrismation,16668,1187100,0.014040940106141016,13
91,blue-stone,16662,514008,0.03241583788579166,9
92,shaken,16665,951627,0.01751211346462427,20
93,Boontling,16614,165015,0.10068175620398145,15
94,eliminator,16557,847659,0.019532618659154212,2
95,photocatalytic,16461,88911,0.18514019637615142,9
96,parrot,16461,1280676,0.012853368064990676,9
97,tightwads,16392,581643,0.028182235494968563,7
98,clumps,16383,239145,0.06850655460076523,4
99,debunks,16365,676005,0.02420840082543768,17
100,carvol,16137,981009,0.01644939037256539,16
101,San Polo,16107,654930,0.024593468004214192,10
102,cinemas,15981,477117,0.03349492891680657,15
103,triangulary,15852,873165,0.018154644311212657,3
104,defiled,15771,238602,0.06609751804259813,15
105,vulgarized,15765,647016,0.024365703475648207,3
106,passing,15726,483591,0.03251921561815667,3
107,high-risk,15717,378741,0.04149801579443472,9
108,bastinade,15711,135873,0.11563003687266786,5
109,bifocaled,15690,767094,0.020453816611784213,2
110,hydrogen,15561,546675,0.028464809987652627,14
111,firestone,15543,709221,0.02191559471589251,20
112,gauntleted,15492,385821,0.04015333535499623,16
113,vented,15441,151008,0.10225286077558805,18
114,utensils,15321,516684,0.02965255359175047,6
115,re-create,15216,895275,0.0169958951160258,3
116,tusks,15165,105579,0.1436365186258631,5
117,trolley-line,15084,673170,0.022407415660234412,3
118,stopcocks,15045,104382,0.14413404609990227,19
119,enshadow,15021,1249836,0.012018376811037608,12
120,uncollaring,15003,720018,0.02083697907552311,4
121,sooty-black,14997,174435,0.08597471837647261,5
122,Mombasa,15006,333102,0.045049264189347404,15
123,unveilers,14997,359025,0.041771464382703155,12
124,mimetically,14973,532014,0.028143996210626035,1
125,intradivision,14931,1514844,0.009856460467216426,6
126,thatchers,14790,318189,0.04648180798204841,1
127,trickeration,14790,109392,0.13520184291355858,5
128,geostrategy,14742,303021,0.048650093557872226,10
129,pierian,14733,292590,0.05035373731159643,8
130,right-handers,14532,5187354,0.0028014282426069245,11
131,cylindric,14475,4719357,0.003067155123039007,12
132,bomber,14412,2970678,0.004851417757158467,16
133,incalzando,14214,1015350,0.013999113606145664,12
134,sap-stain,14211,252387,0.056306386620547016,20
135,supremely,14184,371337,0.03819710936427019,4
136,evangelising,14139,628374,0.022500930974228724,1
137,shintiyan,14106,850557,0.01658442644055601,15
138,weathermen,14091,264378,0.05329868597235776,6
139,whelks,14070,1668009,0.008435206284858176,11
140,outtrading,14070,283443,0.049639610080333615,7
141,corone,14058,500004,0.02811577507379941,1
142,semisecret,14040,470694,0.02982829609045367,12
143,repealability,14043,623442,0.02252495019584821,4
144,maying,14013,198378,0.07063787315125669,1
145,overscan,13875,351672,0.039454377943083326,11
146,discountenances,13860,907470,0.015273232172964396,15
147,strapper,13860,184920,0.07495133030499676,9
148,coulombic,13821,103791,0.1331618348411712,11
149,aposiopestic,13770,423579,0.03250869377377066,4
150,shove-groat,13731,284937,0.048189599806272965,11
151,sennit,13635,412296,0.033070900518074396,3
152,discharged,13599,337848,0.040251829224976915,1
153,cableway,13587,193353,0.07027043800716824,4
154,travertine,13542,324546,0.0417259802924701,4
155,chitose,13473,1257357,0.01071533383120307,10
156,portfire,13398,564522,0.023733353173127,20
157,laryngoscopies,13380,497283,0.02690620833609836,3
158,perimeter,13338,1092570,0.012207913451769681,16
159,wire-gage,13320,1853085,0.0071880135018091455,11
160,Boniface VIII,13320,1037475,0.012838863587074388,10
161,hauyne,13119,514017,0.025522502174052608,1
162,uninstallable,13056,630204,0.02071710112915818,7
163,membrum,13035,92010,0.1416693837626345,2
164,Alexander,13041,836340,0.015592940670062415,13
165,Apollinaire,13008,107343,0.12118163271009753,10
166,interminable,13008,412200,0.03155749636098981,5
167,uniaxal,13002,56550,0.22992042440318303,6
168,narcotine,12951,1930683,0.006707988830895595,6
169,puppeteer,12933,373164,0.03465768402096665,3
170,topped,12837,2873016,0.004468126874336934,14
171,blackguardly,12825,1468008,0.008736328412379224,9
172,vicenarians,12804,1606356,0.00797083585456773,16
173,exsufflicate,12786,860754,0.014854418335552318,16
174,fixing-bath,12651,826068,0.015314719853571376,15
175,exporters,12558,487452,0.025762536618990178,2
176,train-bearers,12525,311670,0.04018673597073828,20
177,papillote,12540,282489,0.04439110903433408,1
178,commentatorial,12519,368727,0.03395194818931079,2
179,triumphalisms,12498,3641355,0.0034322388231853252,10
180,waking,12501,2900679,0.00430968059547437,6
181,apikoros,12474,190737,0.06539895248431085,9
182,linked,12477,542388,0.02300382751830793,3
183,turnouts,12456,123153,0.10114248130374412,5
184,cancer-root,12453,1143672,0.010888611420057499,15
185,naucrates,12423,5952021,0.0020871902165667763,20
186,bentgrass,12396,301833,0.04106906799455328,10
187,ostrichlike,12402,1350342,0.009184339967208308,15
188,cat-house,12381,458025,0.02703127558539381,1
189,Dept.,12168,150378,0.08091609144954715,20
190,lighter,12171,610935,0.019921922954160426,7
191,Briggs,12150,1186371,0.010241315743557454,10
192,penitis,12096,301437,0.04012778789597826,2
193,peptonic,12063,1047021,0.011521258885924925,7
194,jostlers,12060,236838,0.05092088262863223,12
195,Sterlitamak,12051,516027,0.023353429181031227,9
196,impecunious,11988,667602,0.017956806600339725,9
197,grabbable,11928,2450694,0.004867192721735149,15
198,Vinnie,11913,146871,0.08111199624159977,5
199,Torricellian,11847,1338678,0.00884977567420993,9
200,arm-sling,11691,419664,0.027858000686263297,14
201,monopartite,11622,290313,0.040032654410928896,15
202,volley-ball,11532,890007,0.012957201460213234,18
203,beardom,11532,144738,0.07967499896364466,5
204,optional,11430,382200,0.029905808477237047,14
205,obtain,11382,555831,0.020477447281637765,9
206,coldcocks,11373,812019,0.014005829912846867,7
207,cherry-sized,11364,179730,0.06322817559672843,12
208,witchfinder,11337,115713,0.09797516268699281,5
209,shit-fit,11331,320184,0.03538902630987183,12
210,interscholastic,11328,490479,0.023095790033824077,3
211,preponderous,11331,1262691,0.00897369190086886,8
212,cossetting,11304,978342,0.011554241768216022,18
213,rascalry,11256,662382,0.016993215395345887,9
214,overfriendly,11262,507003,0.022212886314282164,10
215,worthiest,11142,838338,0.013290582080258798,18
216,twattler,11094,299646,0.0370236879517831,5
217,gleaner,11037,1253022,0.00880830504173111,12
218,ceratitis,10989,134649,0.08161219169841588,19
219,mordente,10965,308385,0.03555620409552994,11
220,fourteen,10950,437118,0.025050444044857453,7
221,Spark,10911,4846506,0.0022513125950942804,19
222,inermes,10890,1000011,0.010889880211317676,11
223,cybersquatting,10869,523476,0.020763129541755496,14
224,piranhas,10866,364239,0.029832060817210678,9
225,sternutatory,10869,158931,0.06838816845045963,5
226,helplines,10833,939681,0.01152838037589352,9
227,excellency,10812,355476,0.03041555548053877,18
228,pastable,10803,240576,0.044904728651237034,1
229,apothesis,10803,375465,0.0287723223203228,6
230,phasmids,10794,412239,0.026183839956918194,9
231,sheatfish,10794,2067336,0.0052212122267497885,11
232,incommunicable,10785,1962003,0.005496933490927384,9
233,sportsbook,10731,347832,0.03085110053129097,18
234,unrigged,10704,685008,0.015626094877724057,9
235,ombudspeople,10698,464373,0.023037515101007166,9
236,suttees,10701,724680,0.014766517635370095,4
237,ignobleness,10674,467352,0.022839315975966723,15
238,skews,10668,318366,0.03350860330562937,10
239,bootes,10653,564336,0.018877051969039722,11
240,heathenishly,10602,279660,0.03791031967388973,11
241,rhotacises,10566,298578,0.03538773787753954,3
242,Prophet,10536,490677,0.021472373883430443,2
243,jetskiing,10518,244626,0.04299624733266292,3
244,unbreathable,10497,250557,0.04189465870041548,11
245,amusing,10473,239295,0.04376606280950292,6
246,Formicidae,10407,286071,0.03637908071772392,11
247,malignity,10371,267279,0.03880215056177253,1
248,recertifies,10365,782337,0.013248766196664609,14
249,saluting,10353,422022,0.024531896441417747,4
250,brittles,10365,214944,0.048221862438588656,9
251,bikies,10350,1348023,0.007677910540102061,9
252,toddlerhood,10323,262755,0.0392875492378832,2
253,fancied,10323,194721,0.053014312785986104,4
254,langue,10299,756018,0.013622691523217701,12
255,manipulability,10257,340455,0.030127329603031237,1
256,bloviated,10203,197115,0.05176166197397458,11
257,fandabidozi,10188,241293,0.04222252614041849,3
258,Enoch,10167,342636,0.029672889013413653,1
259,unexciting,10170,628026,0.016193597080375655,13
260,nighest,10158,674922,0.015050628072577276,15
261,ga-ga,10155,302013,0.033624380407465904,4
262,polygynian,10089,910161,0.01108485202068645,12
263,nuclease,10059,1312671,0.007663001620360319,4
264,integrationist,10002,473682,0.0211154318720154,17
265,surmullet,9948,250197,0.0397606685931486,6
266,bejewels,9942,252753,0.03933484469027074,4
267,dechlorination,9903,449358,0.022038107700319123,8
268,mainlining,9894,421650,0.023464959089292067,2
269,iron-hearted,9873,300453,0.03286038082495432,3
270,invulnerable,9873,562356,0.017556494462582423,16
271,debarb,9831,190605,0.05157787046509798,5
272,doctresses,9789,184581,0.05303362751312432,16
273,cottonous,9744,194370,0.05013119308535268,18
274,signori,9735,187290,0.05197821560147365,5
275,liour,9726,298005,0.03263703629133739,4
276,gacks,9705,1910418,0.005080040074999293,20
277,class,9696,336015,0.02885585464934601,15
278,shroffage,9705,288708,0.033615279105532234,9
279,pretheater,9621,208152,0.04622103078519543,3
280,shutdown,9600,409002,0.02347176786421582,18
281,crepuscule,9585,170493,0.05621931692210237,20
282,pin-lock,9573,259314,0.03691663388787339,3
283,trifling,9570,285648,0.033502772643253236,17
284,hallucinations,9561,328689,0.02908828710422314,20
285,self-punishment,9546,166083,0.05747728545365871,15
286,rebrightenings,9528,214572,0.04440467535372742,16
287,labium,9483,209115,0.045348253353417974,5
288,lighten,9444,6205527,0.0015218691337576969,20
289,tousy,9429,422781,0.022302326736537356,12
290,sagacious,9408,275481,0.03415117558016705,2
291,interposer,9363,990690,0.00945098870484208,9
292,ranunculaceæ,9315,1080015,0.008624880209997084,7
293,unfit,9297,368349,0.025239650440207522,10
294,residing,9273,1449021,0.006399493175047152,19
295,mooching,9267,292482,0.03168400106673231,3
296,mortices,9252,406386,0.022766532311644595,9
297,thatch-grass,9243,293148,0.03153014859388432,2
298,retrograde,9213,199656,0.04614436831349922,3
299,badger,9222,187827,0.04909837243846731,9
300,deciduousness,9219,415026,0.022213066169348428,15
301,dye-bath,9201,990738,0.009287016345391011,20
302,deceive,9189,918669,0.010002514507401469,7
303,kathakali,9171,308307,0.029746324280668295,9
304,reworded,9102,161862,0.056233087444860434,4
305,Brayden,9003,123102,0.07313447385095287,7
306,meatballs,9003,382860,0.023515123021469988,3
307,suspiration,9009,1143360,0.0078794080604534,16
308,nightrider,9000,375687,0.023956112402079392,16
309,ultraviolent,8982,326013,0.027551048577817448,2
310,cable-car,8985,142023,0.06326440083648423,3
311,Hafun,8976,252012,0.03561735155468787,1
312,plaguily,8919,124437,0.07167482340461438,5
313,well-wished,8901,260439,0.03417690898828517,1
314,prole,8910,148932,0.05982596084118927,14
315,corkless,8886,2457006,0.0036165967848674364,20
316,cover-glass,8874,2431227,0.0036500088227055722,19
317,umami,8874,112791,0.07867649014549033,16
318,destaining,8850,419337,0.021104743917183554,18
319,river-horse,8853,1268028,0.00698170702855142,7
320,assailable,8835,113097,0.07811878299159129,5
321,noggins,8820,302007,0.02920462108494174,12
322,Americanise,8793,130188,0.06754078716932436,3
323,wavebands,8700,114015,0.07630574924352058,5
324,stolidity,8703,474672,0.018334765901506726,12
325,oxeye,8679,396357,0.021896926255875384,9
326,rhythmization,8670,199773,0.04339925815800934,16
327,excretions,8673,155157,0.055898219223109495,1
328,Barbuda,8682,556692,0.015595697441314048,8
329,muddies,8643,362691,0.023830202569129093,7
330,post-haste,8628,204555,0.042179364962968396,7
331,middle,8619,279690,0.030816260860238122,15
332,incisors,8628,263826,0.032703372677446496,15
333,KwaZulu,8583,64737,0.13258260345706474,5
334,rabbits,8550,913002,0.009364711139734633,5
335,Frizell,8526,113109,0.07537861708617351,12
336,troop,8511,80742,0.10540982388348072,6
337,plug-cock,8493,251679,0.033745366121130486,4
338,links,8490,297639,0.02852448771834336,5
339,whipsawing,8472,182337,0.046463416640616005,6
340,chinchin,8475,106755,0.07938738232401292,7
341,alphabetizes,8418,126024,0.06679680060940774,11
342,myography,8421,2181672,0.0038598836122020175,15
343,waterflooded,8376,170340,0.04917224374779852,11
344,ebrieties,8379,423027,0.019807246345977917,19
345,multigeneration,8331,1534743,0.005428270400972671,9
346,parvocellular,8325,1597023,0.005212824110861271,19
347,spoutless,8262,204864,0.040329194001874416,6
348,martin,8241,88926,0.09267255920653128,11
349,antimalaria,8238,304257,0.027075794476380165,5
350,massacred,8208,199407,0.04116204546480314,2
351,propagandized,8211,865062,0.00949180521164957,1
352,cantaloupes,8211,1913013,0.00429218201862716,6
353,distributing,8202,219111,0.037433081862617575,4
354,booby,8157,2548380,0.003200857015044852,19
355,aquage,8109,524571,0.01545834596270095,16
356,acclimates,8046,135450,0.05940199335548173,3
357,procreates,8040,422022,0.01905113951405377,11
358,interrelations,8049,192018,0.04191794519263819,4
359,cackie,8034,129879,0.06185757512761878,2
360,chortled,8034,1464198,0.005486962828797745,12
361,uterin,8016,3702012,0.0021653090265509674,15
362,letters,8004,455358,0.01757737867787543,6
363,rallies,7980,229788,0.034727662018904384,5
364,thereness,7959,216378,0.03678285223081829,15
365,hiddenite,7962,161868,0.049188227444584474,3
366,parisons,7926,94008,0.08431197344906817,14
367,life-rent,7905,230943,0.03422922539327886,2
368,owl-moth,7881,1099002,0.007171051554046307,11
369,La Nina,7899,2892009,0.002731319300873545,10
370,rigorous,7884,195840,0.04025735294117647,2
371,postboy,7899,685284,0.01152660794648642,6
372,duumviri,7887,117462,0.06714511927261582,5
373,metabolome,7851,109578,0.07164759349504463,4
374,nudies,7851,165309,0.047492876975845234,3
375,coagulates,7848,1127337,0.006961538563889946,8
376,vibrate,7812,175392,0.04454022988505747,2
377,thruput,7788,870012,0.008951600667577,10
378,know-nothing,7761,286374,0.02710092396656121,10
379,transflux,7773,418020,0.018594804076359984,16
380,virgules,7767,148746,0.05221653019240854,3
381,Ugandans,7728,340509,0.022695435362941947,20
382,Crepis,7665,399276,0.019197247017100953,12
383,infumation,7656,154164,0.04966139954853273,4
384,unswathed,7596,1536489,0.004943738614464535,20
385,incivilization,7596,1489515,0.0050996465292393834,20
386,winged,7596,366732,0.020712673014626485,9
387,calopogon,7596,353322,0.02149880279178766,15
388,towrope,7584,187644,0.04041695977489288,15
389,preludium,7578,1165335,0.006502851111482964,6
390,undecked,7560,474003,0.015949266143885164,7
391,unseating,7533,34962,0.2154625021451862,18
392,shirts,7530,133839,0.056261627776657025,10
393,whirl,7515,71649,0.10488632081396809,16
394,solvay,7482,141714,0.052796477412252844,16
395,angostura,7395,227298,0.03253438217670195,2
396,fustiness,7326,3312939,0.002211329577755582,12
397,drugget,7314,1464348,0.004994714371174065,20
398,hoopy,7251,1055352,0.006870693380028654,15
399,instruct,7224,4582674,0.0015763722228550406,9
400,thirty-twomo,7239,466344,0.015522875816993464,7
401,Rombauer,7230,152166,0.04751389929419187,4
402,putrescine,7224,871644,0.008287787215881713,19
403,doucin,7206,153006,0.04709619230618407,3
404,statesmanship,7200,181299,0.03971340161832112,10
405,seatwork,7185,3699297,0.0019422609214669706,20
406,Kibor,7164,154020,0.046513439813011294,1
407,Greco,7116,148737,0.047842836684886744,2
408,agarwood,7113,318003,0.022367713512136678,10
409,inelegances,7050,2104680,0.0033496778607674327,7
410,hindlimbs,7035,52023,0.13522864886684735,5
411,educatable,7014,128487,0.05458918022834995,7
412,button-nosed,7008,151656,0.046209843329640767,4
413,motorcaravan,6978,70335,0.09921091917253146,20
414,black-dye,6987,158382,0.04411486153729591,18
415,Peacock Throne,6987,391005,0.017869336709249242,7
416,Four Corners,6966,374010,0.018625170449987967,3
417,kinematical,6951,183825,0.03781313749490004,18
418,diagnosably,6930,594012,0.0116664309811923,19
419,bezier,6873,941835,0.007297456560862572,15
420,Mon-Khmer,6852,84294,0.08128692433625169,5
421,flat-out,6843,2224026,0.0030768525188104817,9
422,circulators,6807,124944,0.05448040722243565,4
423,waits,6744,777828,0.00867029728937503,16
424,melanistic,6729,1516572,0.004436980242283254,5
425,asketh,6711,186465,0.03599066849006516,18
426,thermoelectric,6687,232020,0.02882079131109387,1
427,deracialize,6684,1619832,0.0041263538441023515,5
428,schoolmarms,6666,988344,0.006744615235181273,9
429,Annapurna,6633,5378025,0.0012333523923745242,4
430,jumpier,6642,2621691,0.0025334793459641123,14
431,flesh-eating,6609,273279,0.024184075615030793,1
432,car-coupling,6597,1328184,0.004966932292513688,8
433,metagrabolized,6591,101826,0.06472806552354016,9
434,utilizable,6570,2384022,0.0027558470517470056,11
435,hinkier,6561,1093830,0.0059981898466855,15
436,sippet,6540,2579004,0.002535862681872537,16
437,nut-pine,6531,658554,0.009917182190070973,7
438,factory,6474,838374,0.007722090618268219,4
439,retinaldehyde,6474,464826,0.013927792335196396,11
440,oversulfated,6453,65298,0.09882385371680603,3
441,transient,6390,979596,0.006523097276836573,6
442,nonburnable,6336,66627,0.0950965824665676,1
443,disusage,6330,56847,0.11135152250778405,16
444,winging,6315,633024,0.00997592508340916,10
445,biophysics,6312,102195,0.06176427418171143,1
446,translator,6318,3654669,0.0017287475281619212,12
447,kinswoman,6300,2594694,0.0024280319760249186,15
448,patronization,6285,57585,0.10914300599114353,1
449,stulp,6273,2172006,0.0028881135687470476,4
450,soul-destroying,6204,688926,0.009005321326238231,4
451,unblurred,6198,73728,0.08406575520833333,12
452,bagladies,6210,1205673,0.0051506503007034245,6
453,batches,6192,62922,0.09840755220749499,15
454,unicameral,6186,656028,0.009429475571164645,16
455,uptempo,6171,1268025,0.0048666232921275214,12
456,reviser,6168,627648,0.00982716427041909,17
457,Barts,6180,38859,0.1590365166370725,3
458,unmurmured,6123,603012,0.010154026785536606,15
459,stuffed-animal,6093,209874,0.029031704737127993,2
460,polyphone,6111,400911,0.01524278455816877,6
461,manitou,6084,253647,0.02398609090586524,12
462,nigritic,6063,324909,0.018660609586068716,10
463,formene,6060,1828014,0.0033150730793090207,18
464,softens,6030,1330350,0.004532641785996166,9
465,sententia,6009,52599,0.11424171562197,8
466,ercalcitriol,6009,716547,0.00838605143835645,9
467,deforesting,5976,1362021,0.004387597548055427,4
468,fangirl,5955,2238021,0.0026608329412458596,20
469,jujube,5925,852669,0.0069487691003191155,7
470,glottis,5931,1492407,0.003974116980153537,4
471,schematic,5934,774936,0.00765740654712131,7
472,either,5910,1672926,0.0035327324699359086,3
473,theve,5898,924363,0.006380610214818204,15
474,outlain,5889,591456,0.009956784612887518,19
475,bloomiest,5886,1023018,0.005753564453411377,7
476,merit,5826,530691,0.010978139821478035,15
477,whittles,5814,1518357,0.0038291389969552616,17
478,wretchedness,5790,1137663,0.005089380598648281,5
479,sternwheel,5742,1837872,0.003124265454830369,20
480,excarnated,5724,652920,0.008766770814188569,9
481,landscapes,5709,788004,0.007244887081791463,18
482,incor,5724,342294,0.01672246665147505,1
483,brandishes,5703,479004,0.011905954856326879,18
484,godparent,5697,8877006,0.00064177043476145,20
485,midthought,5667,318924,0.017769123678368515,12
486,cortège,5580,49647,0.11239349809656173,20
487,undergrounder,5568,1186692,0.0046920346644285125,16
488,hardening-off,5541,526341,0.010527395737744163,10
489,hatch,5535,208731,0.026517383618149676,9
490,unexperience,5541,1462605,0.003788445957726112,18
491,twelfth-night,5538,20005005,0.00027683072311154134,4
492,grandmaternal,5523,1072440,0.005149938458095558,5
493,trichinophobia,5514,306582,0.017985400317044053,1
494,tea-strainer,5502,626919,0.008776253391586473,6
495,brasier,5490,746025,0.007359002714386247,1
496,teetotaller,5460,1204158,0.004534288689690223,2
497,colourwise,5475,1148676,0.004766357092861695,15
498,monition,5472,1187022,0.0046098555881862345,3
499,remanence,5460,1078377,0.005063164366450694,5
500,narrativizes,5442,378351,0.014383469318172807,14
501,napoleons,5433,3796503,0.0014310537881834942,20
502,unencouragingly,5427,732720,0.007406649197510645,9
503,bettet,5442,776736,0.007006241502904462,2
504,derivatization,5400,189099,0.028556470420256056,16
505,treadwheel,5382,1542411,0.0034893423348251536,10
506,uniformity,5313,195558,0.027168410394870064,3
507,emmenagogue,5322,7593012,0.0007009076240100766,19
508,interimistic,5295,210189,0.0251916132623496,11
509,misfires,5301,1005381,0.005272627988792309,5
510,posterity,5298,2055339,0.002577676967157243,12
511,lyricize,5274,2036013,0.0025903567413371135,14
512,endoglobular,5268,1337343,0.003939153979196063,12
513,spasmodic,5259,682005,0.00771108716211758,6
514,untrod,5250,738669,0.007107378270917015,8
515,articulator,5256,520695,0.010094201019790857,8
516,takable,5259,1131888,0.004646219413934948,18
517,nonarrival,5226,652389,0.008010558117932706,9
518,myspaces,5208,787884,0.006610110117733067,3
519,escapology,5196,1388667,0.0037417177768320265,11
520,elate,5166,641244,0.008056215730673503,2
521,agglomerate,5163,826128,0.00624963686014758,6
522,cut-pile,5163,280203,0.018425926917270692,18
523,Quaker,5151,343692,0.014987256031563144,10
524,unceasingly,5124,169647,0.030203893968063097,9
525,manatee,5136,314340,0.016338995991601452,9
526,extention,5115,1189020,0.004301862037644447,12
527,sheeling,5097,196383,0.025954385053696093,12
528,ringbarked,5094,382344,0.013323080785889146,16
529,rondos,5091,636927,0.007993066709371718,1
530,unmemorable,5079,1472619,0.0034489572659323286,7
531,tussive,5076,285027,0.017808839162605648,15
532,torchless,5061,655275,0.007723474876960055,5
533,Armaghan,5073,364569,0.013915061346411791,11
534,rhinoplastic,5070,490455,0.010337339817108604,1
535,puff-pastry,5064,564027,0.008978293592328027,18
536,hip-rose,5049,203643,0.024793388429752067,15
537,opinionated,5031,597453,0.008420746067054646,4
538,smicker,5019,472629,0.010619322978488412,3
539,megalodon,5007,335676,0.014916169163121582,11
540,space-lattice,5016,796764,0.006295465156558279,9
541,buglike,5016,2661687,0.0018845191038615735,19
542,tail-coat,5001,569667,0.008778812885422536,1
543,cynocephalic,4983,801675,0.00621573580316213,4
544,thobes,4989,777183,0.006419337530543,4
545,hallowmass,4965,2241024,0.002215505054832077,20
546,under-exposed,4947,346209,0.014289056610313423,11
547,panao,4947,1006437,0.004915359828782129,4
548,calipash,4938,144195,0.03424529283262249,10
549,unprosperous,4956,1038675,0.004771463643584374,10
550,grass-pink,4926,130956,0.03761568771190323,6
551,burble,4929,525480,0.009379995432747203,7
552,ungiving,4914,568347,0.008646126398133535,11
553,perrey,4917,117183,0.04196001126443256,15
554,exactlier,4926,763962,0.006447964689343187,5
555,myrosin,4926,739209,0.0066638799040596094,4
556,osteopontin,4923,543639,0.009055641703409799,3
557,passerby,4917,1111215,0.004424886273133462,19
558,workplaces,4902,504744,0.009711853929912986,16
559,antiretaliation,4899,1034028,0.0047377827292877945,15
560,rigidly,4878,293832,0.01660132320509679,10
561,familism,4869,894021,0.00544618079441087,5
562,dragoons,4875,571422,0.00853134811050327,12
563,transfigure,4824,381579,0.012642205152799289,2
564,chequing,4818,506946,0.009503970837130582,2
565,hard-spun,4800,1686693,0.002845805371813365,11
566,unlawfully,4785,713289,0.0067083608467255204,5
567,thorn-bush,4782,191349,0.024990985058714704,14
568,cetrarin,4794,789642,0.006071105640277493,3
569,boniface,4773,180456,0.0264496608591568,1
570,riverboats,4764,990747,0.004808492985595717,20
571,purpoint,4776,600681,0.007950975642645597,8
572,hurted,4749,5372673,0.0008839175583550311,14
573,cobalamine,4737,504360,0.009392100880323578,13
574,arbutus,4740,270936,0.017494906546195413,12
575,hajji,4710,788370,0.005974352144297728,5
576,piassava,4719,614025,0.007685354830829364,4
577,bailable,4719,1845351,0.0025572370784745016,10
578,avionics,4692,1185297,0.003958501540120324,18
579,burkini,4692,469125,0.01000159872102318,7
580,squirter,4686,315096,0.014871658161322264,11
581,slanted,4665,190017,0.02455043496108243,9
582,adance,4668,1565682,0.002981448340084385,6
583,latency,4662,296196,0.015739577847101244,9
584,unriddling,4653,758016,0.006138392857142857,16
585,noman,4647,1398378,0.00332313580448205,16
586,prerogatives,4638,1537353,0.003016873808422659,15
587,indemnifies,4641,240372,0.01930757326144476,18
588,strontites,4617,387201,0.011924039452377447,7
589,Baraitas,4581,1500189,0.0030536152444791955,5
590,ettin,4596,2265012,0.0020291283224989536,20
591,hatch,4593,95652,0.04801781457784469,6
592,owlery,4551,955098,0.004764956056865369,9
593,retuned,4542,2504424,0.0018135906699504557,20
594,piously,4533,125343,0.036164763887891624,9
595,decernment,4539,214293,0.02118127983648556,3
596,unretrievable,4530,682077,0.006641478894611605,15
597,mountain-fever,4515,713562,0.00632741093275707,3
598,monocrystals,4506,171294,0.02630564993519913,1
599,neoliberal,4509,575025,0.007841398200078257,3
600,wisdoms,4518,1006020,0.004490964394346037,9
601,blackguardly,4512,616512,0.007318592338835254,20
602,cryptidine,4497,457599,0.009827381615781504,4
603,demigoddess,4512,1828509,0.00246758424486836,20
604,warlike,4494,1939461,0.0023171386276908896,20
605,press-plate,4503,1185687,0.0037977982384895847,10
606,haunting,4479,400359,0.011187459255318352,9
607,expostulation,4464,1567098,0.0028485774342127935,12
608,zipguns,4443,570660,0.007785721795815372,10
609,emperor,4464,362550,0.012312784443525031,16
610,remission,4428,1057119,0.00418874317839335,7
611,jodies,4425,396354,0.01116426225041251,7
612,interfold,4431,338736,0.01308098342071702,3
613,sheltie,4413,1076358,0.004099937009805288,16
614,antisemitism,4413,975417,0.004524218872543743,19
615,yarn-roll,4422,450327,0.009819531140704421,16
616,spar-varnish,4401,201465,0.021844985481349118,15
617,wrier,4392,2480688,0.0017704765774656064,11
618,moidore,4404,967098,0.00455383011856089,10
619,Disraeli,4398,374868,0.0117321297096578,1
620,exopterygote,4392,962850,0.004561458171054682,5
621,ruddled,4371,371004,0.011781544134295049,2
622,buntline,4377,459681,0.009521820566871373,6
623,Jazmin,4368,312330,0.0139852079531265,2
624,genotoxins,4350,328206,0.013253871044405039,1
625,formeth,4338,858027,0.005055784957816013,5
626,wagoner,4320,569658,0.007583497466901194,3
627,journeyman,4320,1058337,0.004081875621848239,14
628,murdering-piece,4314,259740,0.01660891660891661,4
629,intolerable,4323,390729,0.011063934338121818,2
630,akathisia,4284,907824,0.004718976365462909,18
631,whinged,4293,506136,0.00848191000047418,13
632,bribing,4293,818574,0.005244486142975467,19
633,coiner,4290,2254011,0.001903273763970096,7
634,egocentrically,4254,889695,0.004781413855309966,6
635,pourability,4230,556005,0.00760784525319017,5
636,blatant,4215,565017,0.00745995253240168,9
637,scoup,4221,765297,0.005515505744828478,12
638,full-fortuned,4206,469254,0.008963162807349538,5
639,overglad,4200,1382676,0.0030375879815661803,8
640,odism,4212,190968,0.022056051275606385,18
641,kirkgarth,4194,1137348,0.00368752571772228,7
642,Mantle,4182,419004,0.0099808116390297,16
643,gluelike,4179,5275803,0.000792106907706751,20
644,inexpressively,4185,397290,0.010533866948576607,5
645,dildoes,4143,227823,0.01818517006623563,15
646,hicksvilles,4149,750372,0.00552925748828581,9
647,yoick,4146,415005,0.009990241081432753,4
648,paragraphing,4140,5141448,0.0008052206304527441,7
649,scordato,4131,178911,0.023089692640474873,12
650,myopes,4119,312021,0.013201034545751729,11
651,waterwheels,4125,1323012,0.003117885552058485,18
652,hide-outs,4116,228585,0.0180064308681672,4
653,mourning-coach,4086,1090023,0.0037485447554776365,19
654,gaudiest,4065,509118,0.007984396544612447,15
655,nonstudio,4068,557121,0.007301824917746773,6
656,lilting,4053,467664,0.008666478497382736,12
657,toffs,4041,167298,0.024154502743607215,15
658,extraditing,4044,625590,0.006464297702968398,16
659,neoliberals,4032,20574003,0.00019597547448593257,11
660,nightdreams,4035,281025,0.01435815318921804,3
661,polly,4023,375441,0.01071539869113922,4
662,multiverse,3981,378630,0.010514222327866255,2
663,underdoses,3984,374694,0.010632676263831286,3
664,cosmid,3975,369165,0.01076754296859128,15
665,cordelier,3984,272376,0.01462683936910741,9
666,uncompressed,3972,247419,0.016053738799364642,12
667,geotherm,3966,654876,0.006056108331959027,5
668,retrievably,3972,341028,0.011647137478447518,10
669,adossé,3951,146565,0.02695732268959165,3
670,unsuspicion,3927,330342,0.011887680040685107,9
671,splendour,3912,328209,0.011919234390281802,2
672,minimizer,3930,605532,0.006490160718178395,4
673,privant,3924,237468,0.016524331699428976,10
674,flewed,3909,165864,0.023567501085226452,1
675,abandonings,3900,228150,0.017094017094017096,4
676,a-morwe,3873,699675,0.005535427162611213,11
677,resemblingly,3873,5448021,0.0007109003434458127,10
678,bacterium,3867,596550,0.006482273070153382,5
679,nonblue,3840,3008403,0.001276424734319172,16
680,trilingual,3849,310341,0.012402486297331,17
681,sacrileger,3834,350529,0.010937754080261548,15
682,manerial,3825,272181,0.014053148456358085,3
683,cohyponym,3831,822189,0.004659512593819669,5
684,shriving,3801,180741,0.021030092784702973,2
685,phalacrosis,3792,193083,0.01963922251052656,3
686,letterpress,3783,216729,0.01745497833700151,4
687,executioner,3774,357285,0.010562995927620807,9
688,ingest,3771,238554,0.015807741643401495,2
689,Nilgiri Hills,3768,645342,0.005838764562046171,13
690,alligatored,3783,169110,0.022370054993791022,9
691,taskers,3759,208014,0.018070899074100782,3
692,reselections,3753,2778018,0.0013509631687051704,20
693,neuropathical,3738,1021692,0.0036586368494614815,12
694,regnant,3756,438390,0.008567713679600356,9
695,encline,3735,160947,0.0232063971369457,15
696,purslane,3747,522201,0.007175397978939144,15
697,micropenis,3720,597357,0.0062274318372430556,10
698,platyrrhini,3705,247146,0.014991138841008958,2
699,freedivers,3696,363549,0.010166442487807697,7
700,wood-vetch,3681,277677,0.013256409425339514,16
701,Chaldeans,3684,189294,0.019461789597134616,3
702,streaked,3672,1225155,0.0029971717864270236,20
703,ropewalks,3669,547425,0.006702287984655432,7
704,huanghuali,3621,119832,0.030217304225916283,15
705,vicinity,3621,213684,0.016945583197618914,1
706,journeyperson,3636,9186018,0.0003958189500608425,20
707,fleshly,3627,1091340,0.0033234372422892957,9
708,mithered,3624,186024,0.01948135724422655,3
709,atoning,3597,193821,0.0185583605491665,2
710,autoprotolysis,3597,191679,0.01876574898658695,2
711,somatosensory,3579,462543,0.007737658985218672,14
712,virtual,3573,162561,0.021979441563474634,4
713,productizes,3576,459846,0.007776516485953993,9
714,blanco,3591,514017,0.006986150263512686,7
715,there're,3591,842346,0.004263093788063338,16
716,moodir,3573,1062009,0.00336437826798078,19
717,thermostat,3555,2196624,0.0016183925878985206,18
718,skulking,3552,577947,0.006145892270398497,5
719,Caladium,3567,154770,0.023047102151579762,7
720,waste,3543,330390,0.010723690184327613,16
721,sideburn,3528,173355,0.02035130224106602,15
722,cohomology,3540,2242728,0.0015784348347191457,10
723,presbyterianly,3537,763005,0.004635618377336977,8
724,yapping,3531,114921,0.030725454877698594,10
725,enswell,3510,795543,0.004412080805185892,5
726,cockarouse,3501,429342,0.008154338499378118,5
727,forebodings,3510,396192,0.008859340925611825,15
728,practices,3486,245874,0.014177993606481368,3
729,chitted,3474,189393,0.01834281098034246,1
730,landman,3480,482733,0.007208954018059673,5
731,formation,3462,172353,0.020086682564272162,4
732,pneumonias,3471,111657,0.031086273140062872,14
733,nonwave,3462,225192,0.015373547905787061,14
734,absidiole,3450,2365527,0.0014584487938628474,20
735,roche,3462,175689,0.019705274661475675,16
736,fingerboards,3447,238299,0.014465020835169262,1
737,zoomers,3423,289647,0.011817833431728967,5
738,assortments,3408,678006,0.005026504190228405,14
739,sightsees,3414,1713588,0.0019923108705243034,12
740,Tatil,3420,157290,0.021743276749952318,4
741,overstrike,3414,217104,0.015725182401061244,1
742,zoot-suiter,3408,290058,0.011749374263078418,7
743,incitable,3408,56559,0.060255662228823,11
744,unrespited,3390,391674,0.008655157094930989,19
745,language,3414,1395021,0.002447274987258256,14
746,alphabetize,3402,600930,0.005661225101093305,5
747,stiver,3384,219276,0.015432605483500247,12
748,theotocos,3381,464238,0.007282902304421439,5
749,spoiling,3381,50475,0.06698365527488856,4
750,Worships,3384,502014,0.006740847864800583,9
751,chronicon,3369,265653,0.01268195729014918,8
752,apodous,3378,3573357,0.0009453295598508629,18
753,adjutor,3369,368361,0.009145919356283646,6
754,black-hole,3333,2765694,0.0012051224755884056,15
755,offloaded,3339,892926,0.0037393916181184105,9
756,advances,3342,244368,0.013676095069730897,10
757,projection,3336,233493,0.014287366216546107,11
758,ginge,3327,1116669,0.002979396759469458,15
759,brokership,3327,1124694,0.002958137946854878,12
760,puniness,3321,278058,0.011943551345402757,5
761,hardtail,3312,207297,0.015977076368688403,2
762,vinegaroons,3309,1477671,0.002239334736893395,1
763,intertribal,3300,535260,0.006165228113440197,5
764,wheel-hoe,3279,1288191,0.0025454299867022825,6
765,union,3291,569826,0.005775447241789599,11
766,intimists,3279,647097,0.005067246487002721,5
767,topsider,3261,204576,0.01594028625058658,1
768,inconclusive,3282,1183356,0.0027734680011763154,11
769,dicephalous,3258,756753,0.00430523565813416,4
770,upthrust,3252,297543,0.010929512709087427,9
771,Caiaphas,3249,288732,0.011252649515813973,4
772,get-up-and-go,3252,729018,0.004460795206702715,14
773,orchester,3249,140859,0.02306561881029966,1
774,spoiling,3249,1030347,0.0031533066044740266,1
775,severer,3240,295470,0.01096558026195553,11
776,genetically,3237,334677,0.009672012119147715,6
777,husking-bee,3234,387345,0.008349146110056925,11
778,unidentifiable,3231,3643518,0.0008867803040907167,19
779,dissolvent,3237,117237,0.02761073722459633,1
780,evector,3231,681114,0.004743699292629427,12
781,bacteriologist,3204,1495341,0.002142655086699288,9
782,balsam-scented,3210,163095,0.01968178055734388,4
783,preventer-stays,3213,787656,0.004079191931503093,11
784,flair,3204,861027,0.0037211376646725364,10
785,deplorable,3183,735102,0.004330011345364317,4
786,distearyl,3180,201840,0.015755053507728895,6
787,sarangis,3177,422829,0.007513675741257104,11
788,wivern,3177,292344,0.01086733437320417,16
789,hetmans,3171,179841,0.017632241813602016,16
790,arguments,3162,250740,0.012610672409667385,10
791,beatific,3141,1402692,0.0022392656406395703,14
792,misleader,3102,1346022,0.0023045685731733954,12
793,rearer,3117,836337,0.003726966521868577,13
794,mathesis,3105,451017,0.006884441162971684,11
795,palatial,3096,175095,0.017681829863788228,18
796,webshops,3108,430191,0.0072246978667615085,4
797,unrip,3102,99147,0.03128687706133317,3
798,platanna,3081,315339,0.009770437529135312,9
799,shatterbrain,3069,304443,0.01008070476246785,15
800,reasons,3057,614691,0.004973230452373632,6
801,grayfish,3060,369009,0.008292480671203141,5
802,elephant-beetle,3048,605835,0.005031072816856074,20
803,scaremonger,3054,110154,0.027724821613377634,3
804,forerunners,3039,298911,0.010166905868301936,8
805,womanlike,3045,225651,0.013494289854687105,12
806,undertime,3048,413682,0.007367978302174134,14
807,bootlessly,3024,6282987,0.0004812997384842592,20
808,whisk,3036,213462,0.014222671950979565,15
809,phenylmethyl,3030,178449,0.01697964124203554,1
810,triggering,3012,875016,0.00344222277078362,4
811,consultive,2985,86598,0.034469618235986973,2
812,daphnia,3006,1068579,0.0028130816720148906,20
813,destrier,2997,146487,0.020459153371971576,9
814,replates,2988,341133,0.008759047057892376,20
815,medusidæ,2982,141861,0.0210205764797936,2
816,servicer,2961,471642,0.0062780668388311475,9
817,Saint-Louis,2967,261201,0.011359068303720124,10
818,spokespersons,2958,525345,0.0056305856151671755,7
819,swarm,2922,130158,0.02244963813211635,3
820,recommendations,2904,281016,0.010333931164061833,16
821,enstate,2925,285972,0.010228274096764719,10
822,agritourists,2901,4485003,0.0006468223098178529,19
823,fair-faced,2913,409350,0.007116159765481861,10
824,serpentinites,2904,486345,0.0059710699195015884,15
825,miscalculated,2871,233586,0.012290976342760268,3
826,wanness,2871,109476,0.02622492601118053,3
827,chain-bit,2859,246891,0.011580008991822302,5
828,kissing-gate,2847,66882,0.042567506952543285,1
829,inspissated,2850,306672,0.009293316637971514,15
830,dinghies,2850,121290,0.023497402918624784,14
831,cup-and-cone,2835,401475,0.007061460863067439,12
832,reannexing,2829,236208,0.011976732371469213,17
833,unturned,2811,295020,0.009528167581858857,9
834,crumbiest,2832,112740,0.025119744544970728,16
835,Myrtillocactus,2805,522345,0.0053700140711598655,18
836,despisal,2811,165348,0.017000508019449887,9
837,islamist,2793,224937,0.012416810040144574,9
838,substitute,2787,1350021,0.0020644123313637345,20
839,ensearch,2790,353529,0.007891856113642728,5
840,blackheads,2781,497670,0.005588040267647236,9
841,unsustainably,2766,67476,0.04099235283656411,15
842,nonapathetic,2769,396015,0.006992159387901973,12
843,unserialized,2760,251370,0.01097983052870271,9
844,neurovirulence,2748,42168,0.06516789982925442,1
845,nanoamperes,2733,667434,0.004094786900277781,5
846,multiplatform,2745,80667,0.03402878500502064,11
847,multitentacled,2727,3236775,0.0008425052714507496,12
848,Stalinists,2712,269097,0.010078150258085375,10
849,Yekaterinoslav,2715,6921012,0.00039228367180984517,18
850,gatekeeps,2706,2868024,0.0009435067488974988,20
851,in-clearing,2715,212745,0.012761757033067757,2
852,deglazing,2700,2201364,0.0012265122896531423,9
853,forgoers,2685,315360,0.008514079147640791,9
854,necrophagia,2679,240972,0.011117474229371047,11
855,spillikin,2667,3580680,0.0007448305908374945,15
856,unprophetic,2664,858690,0.0031024001676973065,3
857,cartilage-bone,2667,2207151,0.0012083450565910534,11
858,biserial,2646,184131,0.014370203822278703,9
859,tastefulness,2646,1600011,0.001653738630546915,15
860,monetary,2634,1142670,0.002305127464622332,3
861,tuitionary,2640,29595,0.08920425747592499,3
862,encrypting,2640,1271586,0.0020761474253412665,3
863,tebibyte,2628,548355,0.004792515797248133,8
864,fleshing,2601,1190481,0.00218483117328206,3
865,bottlenecking,2604,609012,0.004275777817185868,20
866,sugar-refinery,2607,227712,0.011448672006745363,5
867,chimney-swift,2580,295470,0.008731850949334957,10
868,felonly,2577,369351,0.006977103080809312,16
869,neurotics,2580,1088199,0.0023708898831923206,18
870,wealthily,2544,227226,0.011195901877426,5
871,Nahuelito,2550,146631,0.017390592712318676,2
872,pearl-mussel,2547,1418679,0.0017953321364452424,10
873,fancied,2544,1481352,0.0017173500963984251,17
874,Powers,2538,938553,0.0027041626844728,7
875,hornwrack,2523,2396778,0.0010526632003464652,7
876,epitomy,2526,192930,0.013092831596952263,4
877,outsprint,2520,596739,0.004222951742721692,9
878,waldo,2517,575490,0.00437366418182766,11
879,myelinating,2499,198732,0.012574723748565908,15
880,germens,2499,3185724,0.0007844370698779932,19
881,mineworker,2487,280677,0.008860718904648403,16
882,muenchen,2487,194838,0.012764450466541434,5
883,ozæna,2460,239100,0.010288582183186951,12
884,meadow,2481,313221,0.007920924842204066,20
885,wivern,2472,415860,0.0059443081806377146,1
886,toggel,2469,170478,0.014482807165733995,1
887,ethane,2424,782676,0.003097066985572574,9
888,reprimanding,2433,173232,0.01404474923801607,4
889,wedeln,2421,1700559,0.001423649517599801,3
890,haemosporidian,2403,349683,0.006871938298401695,14
891,waiter,2373,1990740,0.0011920190481931343,15
892,deordination,2370,178389,0.013285572540907791,7
893,bubba,2334,754170,0.003094792951191376,2
894,macronutrient,2322,724020,0.003207093726692633,1
895,bibcock,2310,321360,0.007188200149365198,11
896,alegar,2307,207660,0.0111095059231436,16
897,letters,2313,160380,0.014421997755331088,2
898,hatchet,2301,627297,0.0036681189293109964,5
899,roundabout,2274,1998003,0.0011381364292245807,7
900,flameouts,2277,985008,0.002311656352029628,7
901,adminicle,2280,1293024,0.001763308337664266,19
902,demonry,2280,124587,0.018300464735486046,3
903,brownest,2241,343827,0.0065178127372195905,20
904,unpressurized,2235,324417,0.006889281387843424,14
905,fistlike,2241,200226,0.011192352641515088,5
906,speeded,2223,717156,0.0030997439887555846,3
907,obligement,2223,156015,0.014248629939428901,13
908,teardrops,2199,208242,0.01055982942922177,4
909,junkie,2163,206679,0.010465504477958574,7
910,west-sider,2151,205296,0.010477554360533084,3
911,espaliered,2127,276732,0.007686136767703048,8
912,endocytosing,2124,684687,0.003102147404580487,19
913,parlement,2088,648300,0.0032207311429893566,2
914,fly-fungus,2094,89100,0.023501683501683503,7
915,rabbits,2052,182385,0.011250925240562546,11
916,malignity,2052,155478,0.013198008721491144,19
917,buff-coloured,2046,57372,0.035661995398452204,12
918,Sharif-led,2019,196671,0.010265875497658526,15
919,chocker,2019,143385,0.014080970812846531,18
920,dist.,1989,605667,0.003283982782618171,5
921,unemployed,1986,2151027,0.0009232799030416633,9
922,prohibit,1995,1156005,0.0017257710823050073,4
923,whirr,1947,1104552,0.0017627056037198793,4
924,Salvis,1926,491097,0.003921832143140764,9
925,circumvent,1938,230073,0.008423413438343482,12
926,schoolboy,1914,1989693,0.0009619574477067568,9
927,half-asleep,1890,4404021,0.0004291532669803346,12
928,wormian,1887,2952345,0.0006391529445237599,7
929,cacher,1887,1268007,0.0014881621315970654,3
930,remission,1881,1178205,0.0015964963652335545,15
931,topsoil,1872,1419687,0.0013186005084219268,10
932,nondegenerate,1872,248742,0.007525870178739417,5
933,HSCSD,1854,1612677,0.00114964124868154,9
934,teleoscope,1845,2647509,0.0006968814836890072,15
935,unbestial,1821,1030878,0.0017664553904535745,2
936,Zambesi,1812,836748,0.0021655265384560225,2
937,zircaloy,1812,192027,0.009436173038166507,5
938,fucaceae,1776,593028,0.0029947995710151967,4
939,Lehmann,1770,277212,0.0063850049781394745,6
940,nimbys,1788,807366,0.002214608987745335,12
941,bezoardic,1761,576375,0.00305530253741054,6
942,unregulated,1737,998691,0.0017392767132176018,9
943,tibiotarsus,1731,1985355,0.0008718843733236625,16
944,vibrion,1740,232188,0.007493927334745982,20
945,idoneity,1728,525111,0.0032907328164902276,18
946,stateswoman,1731,226080,0.0076565817409766455,5
947,complicity,1698,640914,0.0026493414092998435,1
948,shirred,1683,1155018,0.0014571201487769022,4
949,Heriz,1677,652752,0.0025691227296124716,11
950,crab-grass,1656,372204,0.004449173034142567,12
951,assumingly,1656,999009,0.001657642723939424,7
952,uncrying,1623,167478,0.009690825063590442,5
953,off-kilter,1587,395058,0.004017131661680057,9
954,anyhoo,1590,1563024,0.0010172588520713692,18
955,cartoons,1578,279690,0.0056419607422503485,20
956,depulse,1575,439968,0.003579805804058477,9
957,Griselda,1569,336009,0.004669517780773729,9
958,advertising,1575,502161,0.0031364442877881795,4
959,spatha,1542,747012,0.0020642238678896725,12
960,cajolingly,1539,840006,0.0018321297705016393,6
961,saffron,1491,373836,0.003988379931306776,15
962,disambiguated,1506,860691,0.0017497568813894882,11
963,pannes,1506,1401450,0.0010746013057904313,16
964,campi,1494,599667,0.0024913827174081614,10
965,anthroposcopy,1476,1477677,0.0009988651105755858,12
966,chiaroscuros,1476,1785351,0.0008267281895828888,11
967,onychorrhexis,1410,662466,0.0021284111184574,2
968,unaromatic,1392,484728,0.0028717136208347774,1
969,mongoloid,1386,119697,0.011579237574876564,15
970,immemorially,1377,280746,0.0049047893825735715,11
971,hacksaws,1344,509298,0.002638926522389642,12
972,camelopard,1314,232818,0.00564389351338814,5
973,tretis,1320,206025,0.006406989443028759,1
974,Sorbs,1248,719295,0.0017350322190478177,19
975,pentine,1239,151944,0.008154320012636234,3
976,remystifies,1224,349692,0.0035002230534298753,8
977,soricine,1215,749859,0.0016203046172680465,1
978,playable,1131,258897,0.00436853265970637,18
979,pouse,1128,1216344,0.0009273692310727887,15
980,remnants,1110,748731,0.00148250840421994,3
981,rallus,1077,659106,0.001634031551829296,3
982,cutoff,1044,1181028,0.0008839756551072455,4
983,forkhead,1047,597015,0.0017537247807844023,11
984,crutch,996,149478,0.00666318789387067,10
985,trifler,993,177951,0.005580187804507982,4
986,unisonous,984,395472,0.002488166039567909,6
987,lionizes,960,616779,0.0015564732262285195,9
988,antipoaching,945,477465,0.0019792026640696177,6
989,militarylike,918,104394,0.008793608828093569,4
990,bountiful,900,579867,0.0015520800459415693,2
991,resiny,906,4266012,0.0002123763364941308,10
992,governorates,888,2037003,0.00043593455679741266,14
993,sciurine,879,171657,0.005120676698299516,9
994,cloister,846,514686,0.0016437206374371948,17
995,wearisome,822,718347,0.0011442937744571913,16
996,syllabi,834,543477,0.0015345635601874596,1
997,eliminating,642,222567,0.0028845246599900256,16
998,subduplicate,645,636309,0.001013658458390499,2
999,offprints,603,203418,0.0029643394389877002,13
